month,business_income
2024-10,378861.98
2024-11,556113.0
2024-12,837751.6799999999
2025-01,305769.08999999997
2025-02,896118.0
2025-03,537889.0
2025-04,116255.43
2025-05,506897.0
2025-06,479091.0
2025-07,316759.0
2025-08,432144.48
2025-09,398615.22
