month,business_income
2024-10,3002753.5
2024-11,2853469.5
2024-12,3802910.3600000003
2025-01,4518942.02
2025-02,8770680.77
2025-03,7372616.84
2025-04,8609202.63
2025-05,17968433.0
2025-06,15115951.95
2025-07,23268268.0
2025-08,17818189.28
2025-09,12657523.370000001
