month,business_income
2024-10,14113714.5
2024-11,12154282.5
2024-12,12248198.36
2025-01,6761799.02
2025-02,10190013.77
2025-03,8505983.84
2025-04,8960632.63
2025-05,18560433.0
2025-06,16040006.129999999
2025-07,23922848.0
2025-08,19868679.28
2025-09,13319143.370000001
