month,business_income
2023-07,87985.77
2023-08,50000.0
2023-09,63251.17
2023-10,128912.06
2023-11,118171.64000000001
2023-12,260798.48
2024-02,155597.47
2024-03,156151.12
2024-04,160894.47999999998
2024-05,156694.78
2024-06,565424.95
