month,business_income
2024-10,250300.0
2024-11,446000.0
2024-12,460399.0
2025-01,179900.0
2025-02,113200.0
2025-03,284632.83
2025-04,187140.16999999998
2025-05,4868500.0
2025-06,144086.83000000002
2025-07,58650.01
2025-08,1203000.0
2025-09,1047500.0
