month,business_income
2024-10,2912115.63
2024-11,1762910.15
2024-12,2006878.1099999999
2025-01,1422569.77
2025-02,2359130.69
2025-03,1354084.97
2025-04,3258410.63
2025-05,72294019.44
2025-06,75011622.13
2025-07,63639855.989999995
2025-08,2065617.93
2025-09,1600695.3599999999
