month,business_income
2023-07,3048557.16
2023-08,3066649.61
2023-09,2751175.19
2023-10,2113524.25
2023-11,1985477.34
2023-12,2901802.2199999997
2024-01,2377437.7
2024-02,2178920.59
2024-03,1830144.6
2024-04,1783841.3699999999
2024-05,1713551.67
2024-06,1597634.85
