month,business_income
2023-07,1000002892000.0
2023-08,12250001913002.5
2023-09,203850007458628.1
2023-10,32100001237008.0
2023-11,127035935372884.75
2023-12,4279002.200000025
2024-01,40000018549557.6
2024-02,1.0000000400000082
2024-03,12834000305010.42
2024-04,4250007048500.0
2024-05,7500010847255.42
2024-06,4596594.8972278135
