month,business_income
2024-10,18450747.74
2024-11,12388422.879999999
2024-12,14531715.33
2025-01,6160197.13
2025-02,8725765.57
2025-03,16176000.129999999
2025-04,29688729.810000002
2025-05,17103875.19
2025-06,10058588.874034
2025-07,12978440.9
2025-08,16658111.15
2025-09,3334582.18
