month,business_income
2024-10,7784818.32
2024-11,2303211.56
2024-12,4260350.88
2025-01,2750537.0
2025-02,1303992.14
2025-03,2112424.28
2025-04,7402476.8100000005
2025-05,18606349.0
2025-06,1539155.0
2025-07,4568271.68
2025-08,3501100.0
2025-09,3241010.4299999997
