month,business_income
2024-12,249129.19
2025-01,18482.55
2025-02,65020.509999999995
2025-03,314077.04
2025-04,802372.7999999999
2025-05,748530.85
2025-06,949733.93
2025-07,890902.5
2025-08,900730.84
2025-09,941554.0900000001
